feature,gain,split
p1,23569657.143599033,2621
p1_g_gap,2793359.410591364,1573
p1_g_sum,463629.25855112076,2435
sup_p,72023.00263810158,2111
p1_t_margin,63004.481916189194,2563
p1_g_n,22230.123631715775,1569
p0,21415.432534217834,1869
p1_g_rank,20508.6820397377,613
sup_score,18873.093345165253,1473
blk_g_sum,18786.09397315979,1894
p1_t_n,18306.6094250679,983
n_idf_shared,11568.404555082321,1238
name_x_addr,11275.677439689636,754
sup_addr,11185.82845568657,809
n_tsort,10698.347305059433,914
blk_t_margin,10636.52089715004,884
blk_g_gap,10506.459594249725,1158
key_score,10331.85602593422,1060
a_tset,10240.492186784744,486
n_char_cos,9717.356154203415,984
blk_t_n,9496.175241947174,995
sup_name,9488.376898765564,813
rerank,9008.035308361053,883
n_ratio,8804.964997529984,849
p1_t_rank,8766.584362745285,709
n_jw,8372.605206012726,852
n_partial,7255.178110599518,671
num_jac,7103.536699295044,481
blk_t_rank,6803.170123338699,713
a_idf_shared,6591.148077249527,669
combo_tset,6386.817695617676,676
a_tsort,6087.201560020447,554
a_idf_jac,6057.097922325134,569
len_ratio,5834.981607675552,591
antok_q,5651.839898347855,618
a_ratio,4854.616502523422,506
blk_g_rank,4675.301269769669,552
a_char_cos,4653.66476392746,491
n_idf_jac,4464.968271970749,427
c_jw,4438.781026601791,460
